"AlertNumber","RuleId","RuleName","Severity","Description","Message","Path","StartLine","EndLine","StartColumn","EndColumn","HtmlUrl","CreatedAt","CommitSha"
"2524","cs/useless-assignment-to-local","cs/useless-assignment-to-local","warning","Useless assignment to local variable","This assignment to options is useless, since its value is never read.","src/Indice.Features.Cases.Workflows/Endpoints/WorkflowManagerApi.cs","15","15","13","104","https://github.com/indice-co/Indice.Platform/security/code-scanning/2524","30/1/2026 3:15:42 μμ","925ad24e1d453f5cf6516e992e669c445b3ca9f6"
"2262","cs/useless-assignment-to-local","cs/useless-assignment-to-local","warning","Useless assignment to local variable","This assignment to initials is useless, since its value is never read.","src/Indice.Features.Identity.UI/Pages/Tailwind/Shared/_Header.cshtml","12","12","6","125","https://github.com/indice-co/Indice.Platform/security/code-scanning/2262","2/10/2025 11:35:27 πμ","925ad24e1d453f5cf6516e992e669c445b3ca9f6"
"2261","cs/useless-assignment-to-local","cs/useless-assignment-to-local","warning","Useless assignment to local variable","This assignment to langSuffix is useless, since its value is never read.","src/Indice.Features.Identity.UI/Pages/Tailwind/Shared/_Header.cshtml","10","10","6","56","https://github.com/indice-co/Indice.Platform/security/code-scanning/2261","2/10/2025 11:35:27 πμ","925ad24e1d453f5cf6516e992e669c445b3ca9f6"
"2260","cs/useless-assignment-to-local","cs/useless-assignment-to-local","warning","Useless assignment to local variable","This assignment to showRibbon is useless, since its value is never read.","src/Indice.Features.Identity.UI/Pages/Tailwind/Shared/_Header.cshtml","8","8","6","46","https://github.com/indice-co/Indice.Platform/security/code-scanning/2260","2/10/2025 11:35:27 πμ","925ad24e1d453f5cf6516e992e669c445b3ca9f6"
"2258","cs/useless-assignment-to-local","cs/useless-assignment-to-local","warning","Useless assignment to local variable","This assignment to langSuffix is useless, since its value is never read.","src/Indice.Features.Identity.UI/Pages/Tailwind/Shared/Components/ProfileSidebar/Default.cshtml","8","8","6","56","https://github.com/indice-co/Indice.Platform/security/code-scanning/2258","2/10/2025 11:35:27 πμ","925ad24e1d453f5cf6516e992e669c445b3ca9f6"
"2111","cs/useless-assignment-to-local","cs/useless-assignment-to-local","warning","Useless assignment to local variable","This assignment to messageDescriber is useless, since its value is never read.","src/Indice.Features.Identity.Server/Manager/MyAccountHandlers.cs","774","774","13","60","https://github.com/indice-co/Indice.Platform/security/code-scanning/2111","4/6/2025 2:27:06 μμ","925ad24e1d453f5cf6516e992e669c445b3ca9f6"
"2076","cs/useless-assignment-to-local","cs/useless-assignment-to-local","warning","Useless assignment to local variable","This assignment to userId is useless, since its value is never read.","src/Indice.Features.Identity.Core/ExtendedSignInManager.cs","337","337","13","68","https://github.com/indice-co/Indice.Platform/security/code-scanning/2076","6/5/2025 3:53:39 μμ","925ad24e1d453f5cf6516e992e669c445b3ca9f6"
"1330","cs/useless-assignment-to-local","cs/useless-assignment-to-local","warning","Useless assignment to local variable","This assignment to payloadBytes is useless, since its value is never read.","src/Indice.Services/EventDispatcherAzure.cs","76","76","13","47","https://github.com/indice-co/Indice.Platform/security/code-scanning/1330","28/11/2024 4:04:47 μμ","925ad24e1d453f5cf6516e992e669c445b3ca9f6"
"1329","cs/useless-assignment-to-local","cs/useless-assignment-to-local","warning","Useless assignment to local variable","This assignment to rows is useless, since its value is never read.","src/Indice.Features.Media.AspNetCore/Stores/MediaFolderStore.cs","64","65","9","149","https://github.com/indice-co/Indice.Platform/security/code-scanning/1329","28/11/2024 4:04:47 μμ","925ad24e1d453f5cf6516e992e669c445b3ca9f6"
